Atta ur Rehman Khan - https://en.wikipedia.org/wiki/Atta_ur_Rehman_Khan
Wil van der Aalst - https://en.wikipedia.org/wiki/Wil_van_der_Aalst
Scott Aaronson - https://en.wikipedia.org/wiki/Scott_Aaronson
Rediet Abebe - https://en.wikipedia.org/wiki/Rediet_Abebe
Hal Abelson - https://en.wikipedia.org/wiki/Hal_Abelson
Serge Abiteboul - https://en.wikipedia.org/wiki/Serge_Abiteboul
Samson Abramsky - https://en.wikipedia.org/wiki/Samson_Abramsky
Leonard Adleman - https://en.wikipedia.org/wiki/Leonard_Adleman
Manindra Agrawal - https://en.wikipedia.org/wiki/Manindra_Agrawal
Luis von Ahn - https://en.wikipedia.org/wiki/Luis_von_Ahn
Alfred Aho - https://en.wikipedia.org/wiki/Alfred_Aho
Frances E. Allen - https://en.wikipedia.org/wiki/Frances_E._Allen
Gene Amdahl - https://en.wikipedia.org/wiki/Gene_Amdahl
David P. Anderson - https://en.wikipedia.org/wiki/David_P._Anderson
Lisa Anthony - https://en.wikipedia.org/wiki/Lisa_Anthony
Andrew Appel - https://en.wikipedia.org/wiki/Andrew_Appel
Cecilia R. Aragon - https://en.wikipedia.org/wiki/Cecilia_R._Aragon
Bruce Arden - https://en.wikipedia.org/wiki/Bruce_Arden
Angie Jones - https://en.wikipedia.org/wiki/Angie_Jones
Sanjeev Arora - https://en.wikipedia.org/wiki/Sanjeev_Arora
Winifred Asprey - https://en.wikipedia.org/wiki/Winifred_Asprey
John Vincent Atanasoff - https://en.wikipedia.org/wiki/John_Vincent_Atanasoff
Shakuntala Atre - https://en.wikipedia.org/wiki/Shakuntala_Atre
Charles Babbage - https://en.wikipedia.org/wiki/Charles_Babbage
Charles Bachman - https://en.wikipedia.org/wiki/Charles_Bachman
Roland Carl Backhouse - https://en.wikipedia.org/wiki/Roland_Carl_Backhouse
John Backus - https://en.wikipedia.org/wiki/John_Backus
David F. Bacon - https://en.wikipedia.org/wiki/David_F._Bacon
David Bader (computer scientist) - https://en.wikipedia.org/wiki/David_Bader_(computer_scientist)
Victor Bahl - https://en.wikipedia.org/wiki/Victor_Bahl
Anthony James Barr - https://en.wikipedia.org/wiki/Anthony_James_Barr
Jean Bartik - https://en.wikipedia.org/wiki/Jean_Bartik
Andrew Barto - https://en.wikipedia.org/wiki/Andrew_Barto
Friedrich L. Bauer - https://en.wikipedia.org/wiki/Friedrich_L._Bauer
Rudolf Bayer - https://en.wikipedia.org/wiki/Rudolf_Bayer
Gordon Bell - https://en.wikipedia.org/wiki/Gordon_Bell
Steven M. Bellovin - https://en.wikipedia.org/wiki/Steven_M._Bellovin
Cecilia Berdichevsky - https://en.wikipedia.org/wiki/Cecilia_Berdichevsky
Tim Berners-Lee - https://en.wikipedia.org/wiki/Tim_Berners-Lee
Daniel J. Bernstein - https://en.wikipedia.org/wiki/Daniel_J._Bernstein
Peter Bernus - https://en.wikipedia.org/wiki/Peter_Bernus
Abhay Bhushan - https://en.wikipedia.org/wiki/Abhay_Bhushan
Dines Bjørner - https://en.wikipedia.org/wiki/Dines_Bj%C3%B8rner
Gerrit Blaauw - https://en.wikipedia.org/wiki/Gerrit_Blaauw
Sue Black (computer scientist) - https://en.wikipedia.org/wiki/Sue_Black_(computer_scientist)
David Blei - https://en.wikipedia.org/wiki/David_Blei
Dorothy Blum - https://en.wikipedia.org/wiki/Dorothy_Blum
Lenore Blum - https://en.wikipedia.org/wiki/Lenore_Blum
Manuel Blum - https://en.wikipedia.org/wiki/Manuel_Blum
Barry Boehm - https://en.wikipedia.org/wiki/Barry_Boehm
Corrado Böhm - https://en.wikipedia.org/wiki/Corrado_B%C3%B6hm
Kurt Bollacker - https://en.wikipedia.org/wiki/Kurt_Bollacker
Jeff Bonwick - https://en.wikipedia.org/wiki/Jeff_Bonwick
Grady Booch - https://en.wikipedia.org/wiki/Grady_Booch
George Boole - https://en.wikipedia.org/wiki/George_Boole
Andrew Donald Booth - https://en.wikipedia.org/wiki/Andrew_Donald_Booth
Kathleen Booth - https://en.wikipedia.org/wiki/Kathleen_Booth
Anita Borg - https://en.wikipedia.org/wiki/Anita_Borg
Bert Bos - https://en.wikipedia.org/wiki/Bert_Bos
Mikhail Botvinnik - https://en.wikipedia.org/wiki/Mikhail_Botvinnik
Jonathan Bowen - https://en.wikipedia.org/wiki/Jonathan_Bowen
Stephen R. Bourne - https://en.wikipedia.org/wiki/Stephen_R._Bourne
Harry Bouwman - https://en.wikipedia.org/wiki/Harry_Bouwman
Robert S. Boyer - https://en.wikipedia.org/wiki/Robert_S._Boyer
Karlheinz Brandenburg - https://en.wikipedia.org/wiki/Karlheinz_Brandenburg
Gilles Brassard - https://en.wikipedia.org/wiki/Gilles_Brassard
Lawrence M. Breed - https://en.wikipedia.org/wiki/Lawrence_M._Breed
Jack E. Bresenham - https://en.wikipedia.org/wiki/Jack_E._Bresenham
Sergey Brin - https://en.wikipedia.org/wiki/Sergey_Brin
David J. Brown (computer scientist) - https://en.wikipedia.org/wiki/David_J._Brown_(computer_scientist)
Per Brinch Hansen - https://en.wikipedia.org/wiki/Per_Brinch_Hansen
Sjaak Brinkkemper - https://en.wikipedia.org/wiki/Sjaak_Brinkkemper
Fred Brooks - https://en.wikipedia.org/wiki/Fred_Brooks
Rod Brooks - https://en.wikipedia.org/wiki/Rod_Brooks
Margaret Burnett - https://en.wikipedia.org/wiki/Margaret_Burnett
Michael Butler (computer scientist) - https://en.wikipedia.org/wiki/Michael_Butler_(computer_scientist)
Pino Caballero Gil - https://en.wikipedia.org/wiki/Pino_Caballero_Gil
Tracy Camp - https://en.wikipedia.org/wiki/Tracy_Camp
Martin Campbell-Kelly - https://en.wikipedia.org/wiki/Martin_Campbell-Kelly
Rosemary Candlin - https://en.wikipedia.org/wiki/Rosemary_Candlin
Rod Canion - https://en.wikipedia.org/wiki/Rod_Canion
Bryan Cantrill - https://en.wikipedia.org/wiki/Bryan_Cantrill
Luca Cardelli - https://en.wikipedia.org/wiki/Luca_Cardelli
John Carmack - https://en.wikipedia.org/wiki/John_Carmack
Michael E. Caspersen - https://en.wikipedia.org/wiki/Michael_E._Caspersen
Edwin Catmull - https://en.wikipedia.org/wiki/Edwin_Catmull
Vint Cerf - https://en.wikipedia.org/wiki/Vint_Cerf
Gregory Chaitin - https://en.wikipedia.org/wiki/Gregory_Chaitin
Robert Cailliau - https://en.wikipedia.org/wiki/Robert_Cailliau
Zhou Chaochen - https://en.wikipedia.org/wiki/Zhou_Chaochen
Peter Chen - https://en.wikipedia.org/wiki/Peter_Chen
Leonardo Chiariglione - https://en.wikipedia.org/wiki/Leonardo_Chiariglione
Tracy Chou - https://en.wikipedia.org/wiki/Tracy_Chou
Alonzo Church - https://en.wikipedia.org/wiki/Alonzo_Church
Alberto Ciaramella - https://en.wikipedia.org/wiki/Alberto_Ciaramella
Edmund M. Clarke - https://en.wikipedia.org/wiki/Edmund_M._Clarke
John Cocke (computer scientist) - https://en.wikipedia.org/wiki/John_Cocke_(computer_scientist)
Edgar F. Codd - https://en.wikipedia.org/wiki/Edgar_F._Codd
Jacques Cohen (computer scientist) - https://en.wikipedia.org/wiki/Jacques_Cohen_(computer_scientist)
Ian Coldwater - https://en.wikipedia.org/wiki/Ian_Coldwater
Simon Colton - https://en.wikipedia.org/wiki/Simon_Colton
Alain Colmerauer - https://en.wikipedia.org/wiki/Alain_Colmerauer
Douglas Comer - https://en.wikipedia.org/wiki/Douglas_Comer
Paul Justin Compton - https://en.wikipedia.org/wiki/Paul_Justin_Compton
Richard W. Conway - https://en.wikipedia.org/wiki/Richard_W._Conway
Gordon Cormack - https://en.wikipedia.org/wiki/Gordon_Cormack
Stephen Cook - https://en.wikipedia.org/wiki/Stephen_Cook
James Cooley - https://en.wikipedia.org/wiki/James_Cooley
Danese Cooper - https://en.wikipedia.org/wiki/Danese_Cooper
Fernando J. Corbató - https://en.wikipedia.org/wiki/Fernando_J._Corbat%C3%B3
Kit Cosper - https://en.wikipedia.org/wiki/Kit_Cosper
Patrick Cousot - https://en.wikipedia.org/wiki/Patrick_Cousot
Ingemar Cox - https://en.wikipedia.org/wiki/Ingemar_Cox
Seymour Cray - https://en.wikipedia.org/wiki/Seymour_Cray
Nello Cristianini - https://en.wikipedia.org/wiki/Nello_Cristianini
Jon Crowcroft - https://en.wikipedia.org/wiki/Jon_Crowcroft
W. Bruce Croft - https://en.wikipedia.org/wiki/W._Bruce_Croft
Glen Culler - https://en.wikipedia.org/wiki/Glen_Culler
Haskell Curry - https://en.wikipedia.org/wiki/Haskell_Curry
Luigi Dadda - https://en.wikipedia.org/wiki/Luigi_Dadda
Ole-Johan Dahl - https://en.wikipedia.org/wiki/Ole-Johan_Dahl
Ryan Dahl - https://en.wikipedia.org/wiki/Ryan_Dahl
Andries van Dam - https://en.wikipedia.org/wiki/Andries_van_Dam
Samir Das - https://en.wikipedia.org/wiki/Samir_Das
Neil Daswani - https://en.wikipedia.org/wiki/Neil_Daswani
Christopher J. Date - https://en.wikipedia.org/wiki/Christopher_J._Date
Terry A. Davis - https://en.wikipedia.org/wiki/Terry_A._Davis
Jeff Dean - https://en.wikipedia.org/wiki/Jeff_Dean
Erik Demaine - https://en.wikipedia.org/wiki/Erik_Demaine
Tom DeMarco - https://en.wikipedia.org/wiki/Tom_DeMarco
Richard DeMillo - https://en.wikipedia.org/wiki/Richard_DeMillo
Dorothy E. Denning - https://en.wikipedia.org/wiki/Dorothy_E._Denning
Peter J. Denning - https://en.wikipedia.org/wiki/Peter_J._Denning
Michael Dertouzos - https://en.wikipedia.org/wiki/Michael_Dertouzos
Alexander Dewdney - https://en.wikipedia.org/wiki/Alexander_Dewdney
Robert Dewar - https://en.wikipedia.org/wiki/Robert_Dewar
Vinod Dham - https://en.wikipedia.org/wiki/Vinod_Dham
Jan Dietz - https://en.wikipedia.org/wiki/Jan_Dietz
Whitfield Diffie - https://en.wikipedia.org/wiki/Whitfield_Diffie
Edsger W. Dijkstra - https://en.wikipedia.org/wiki/Edsger_W._Dijkstra
Matthew Dillon - https://en.wikipedia.org/wiki/Matthew_Dillon
Alan Dix - https://en.wikipedia.org/wiki/Alan_Dix
Jack Dongarra - https://en.wikipedia.org/wiki/Jack_Dongarra
Marco Dorigo - https://en.wikipedia.org/wiki/Marco_Dorigo
Paul Dourish - https://en.wikipedia.org/wiki/Paul_Dourish
Charles Stark Draper - https://en.wikipedia.org/wiki/Charles_Stark_Draper
Susan Dumais - https://en.wikipedia.org/wiki/Susan_Dumais
Adam Dunkels - https://en.wikipedia.org/wiki/Adam_Dunkels
Jon Michael Dunn - https://en.wikipedia.org/wiki/Jon_Michael_Dunn
Schahram Dustdar - https://en.wikipedia.org/wiki/Schahram_Dustdar
Peter Eades - https://en.wikipedia.org/wiki/Peter_Eades
Annie Easley - https://en.wikipedia.org/wiki/Annie_Easley
Wim Ebbinkhuijsen - https://en.wikipedia.org/wiki/Wim_Ebbinkhuijsen
John Presper Eckert - https://en.wikipedia.org/wiki/John_Presper_Eckert
Alan Edelman - https://en.wikipedia.org/wiki/Alan_Edelman
Brendan Eich - https://en.wikipedia.org/wiki/Brendan_Eich
Philip Emeagwali - https://en.wikipedia.org/wiki/Philip_Emeagwali
E. Allen Emerson - https://en.wikipedia.org/wiki/E._Allen_Emerson
Douglas Engelbart - https://en.wikipedia.org/wiki/Douglas_Engelbart
Barbara Engelhardt - https://en.wikipedia.org/wiki/Barbara_Engelhardt
David Eppstein - https://en.wikipedia.org/wiki/David_Eppstein
Andrey Ershov - https://en.wikipedia.org/wiki/Andrey_Ershov
Philip Don Estridge - https://en.wikipedia.org/wiki/Philip_Don_Estridge
Oren Etzioni - https://en.wikipedia.org/wiki/Oren_Etzioni
Christopher Riche Evans - https://en.wikipedia.org/wiki/Christopher_Riche_Evans
David C. Evans - https://en.wikipedia.org/wiki/David_C._Evans
Shimon Even - https://en.wikipedia.org/wiki/Shimon_Even
Scott Fahlman - https://en.wikipedia.org/wiki/Scott_Fahlman
Edward Feigenbaum - https://en.wikipedia.org/wiki/Edward_Feigenbaum
Edward Felten - https://en.wikipedia.org/wiki/Edward_Felten
Tim Finin - https://en.wikipedia.org/wiki/Tim_Finin
Raphael Finkel - https://en.wikipedia.org/wiki/Raphael_Finkel
Donald Firesmith - https://en.wikipedia.org/wiki/Donald_Firesmith
Gary William Flake - https://en.wikipedia.org/wiki/Gary_William_Flake
Tommy Flowers - https://en.wikipedia.org/wiki/Tommy_Flowers
Robert W. Floyd - https://en.wikipedia.org/wiki/Robert_W._Floyd
Sally Floyd - https://en.wikipedia.org/wiki/Sally_Floyd
Lawrence J. Fogel - https://en.wikipedia.org/wiki/Lawrence_J._Fogel
James D. Foley - https://en.wikipedia.org/wiki/James_D._Foley
Ken Forbus - https://en.wikipedia.org/wiki/Ken_Forbus
L. R. Ford, Jr. - https://en.wikipedia.org/wiki/L._R._Ford,_Jr.
Lance Fortnow - https://en.wikipedia.org/wiki/Lance_Fortnow
Mahmoud Samir Fayed - https://en.wikipedia.org/wiki/Mahmoud_Samir_Fayed
Martin Fowler (software engineer) - https://en.wikipedia.org/wiki/Martin_Fowler_(software_engineer)
Robert France - https://en.wikipedia.org/wiki/Robert_France
Herbert W. Franke - https://en.wikipedia.org/wiki/Herbert_W._Franke
Edward Fredkin - https://en.wikipedia.org/wiki/Edward_Fredkin
Yoav Freund - https://en.wikipedia.org/wiki/Yoav_Freund
Daniel P. Friedman - https://en.wikipedia.org/wiki/Daniel_P._Friedman
Charlotte Froese Fischer - https://en.wikipedia.org/wiki/Charlotte_Froese_Fischer
Ping Fu - https://en.wikipedia.org/wiki/Ping_Fu
Xiaoming Fu - https://en.wikipedia.org/wiki/Xiaoming_Fu
Kunihiko Fukushima - https://en.wikipedia.org/wiki/Kunihiko_Fukushima
D. R. Fulkerson - https://en.wikipedia.org/wiki/D._R._Fulkerson
Richard P. Gabriel - https://en.wikipedia.org/wiki/Richard_P._Gabriel
Zvi Galil - https://en.wikipedia.org/wiki/Zvi_Galil
Bernard Galler - https://en.wikipedia.org/wiki/Bernard_Galler
Hector Garcia-Molina - https://en.wikipedia.org/wiki/Hector_Garcia-Molina
Michael Garey - https://en.wikipedia.org/wiki/Michael_Garey
Hugo de Garis - https://en.wikipedia.org/wiki/Hugo_de_Garis
Bill Gates - https://en.wikipedia.org/wiki/Bill_Gates
David Gelernter - https://en.wikipedia.org/wiki/David_Gelernter
Lisa Gelobter - https://en.wikipedia.org/wiki/Lisa_Gelobter
Charles Geschke - https://en.wikipedia.org/wiki/Charles_Geschke
Zoubin Ghahramani - https://en.wikipedia.org/wiki/Zoubin_Ghahramani
Sanjay Ghemawat - https://en.wikipedia.org/wiki/Sanjay_Ghemawat
Jeremy Gibbons - https://en.wikipedia.org/wiki/Jeremy_Gibbons
Juan E. Gilbert - https://en.wikipedia.org/wiki/Juan_E._Gilbert
Lee Giles - https://en.wikipedia.org/wiki/Lee_Giles
Seymour Ginsburg - https://en.wikipedia.org/wiki/Seymour_Ginsburg
Robert L. Glass - https://en.wikipedia.org/wiki/Robert_L._Glass
Kurt Gödel - https://en.wikipedia.org/wiki/Kurt_G%C3%B6del
Ashok Goel - https://en.wikipedia.org/wiki/Ashok_Goel
Joseph Goguen - https://en.wikipedia.org/wiki/Joseph_Goguen
Hardik Gohel - https://en.wikipedia.org/wiki/Hardik_Gohel
E. Mark Gold - https://en.wikipedia.org/wiki/E._Mark_Gold
Adele Goldberg (computer scientist) - https://en.wikipedia.org/wiki/Adele_Goldberg_(computer_scientist)
Andrew V. Goldberg - https://en.wikipedia.org/wiki/Andrew_V._Goldberg
Ian Goldberg - https://en.wikipedia.org/wiki/Ian_Goldberg
Judy Goldsmith (computer scientist) - https://en.wikipedia.org/wiki/Judy_Goldsmith_(computer_scientist)
Oded Goldreich - https://en.wikipedia.org/wiki/Oded_Goldreich
Shafi Goldwasser - https://en.wikipedia.org/wiki/Shafi_Goldwasser
Gene Golub - https://en.wikipedia.org/wiki/Gene_Golub
Martin Charles Golumbic - https://en.wikipedia.org/wiki/Martin_Charles_Golumbic
Gastón Gonnet - https://en.wikipedia.org/wiki/Gast%C3%B3n_Gonnet
Ian Goodfellow - https://en.wikipedia.org/wiki/Ian_Goodfellow
James Gosling - https://en.wikipedia.org/wiki/James_Gosling
Paul Graham (computer programmer) - https://en.wikipedia.org/wiki/Paul_Graham_(computer_programmer)
Robert M. Graham (computer scientist) - https://en.wikipedia.org/wiki/Robert_M._Graham_(computer_scientist)
Susan L. Graham - https://en.wikipedia.org/wiki/Susan_L._Graham
Jim Gray (computer scientist) - https://en.wikipedia.org/wiki/Jim_Gray_(computer_scientist)
Sheila Greibach - https://en.wikipedia.org/wiki/Sheila_Greibach
David Gries - https://en.wikipedia.org/wiki/David_Gries
Ralph Griswold - https://en.wikipedia.org/wiki/Ralph_Griswold
Bill Gropp - https://en.wikipedia.org/wiki/Bill_Gropp
Tom Gruber - https://en.wikipedia.org/wiki/Tom_Gruber
Shelia Guberman - https://en.wikipedia.org/wiki/Shelia_Guberman
Ramanathan V. Guha - https://en.wikipedia.org/wiki/Ramanathan_V._Guha
Neil J. Gunther - https://en.wikipedia.org/wiki/Neil_J._Gunther
Jürg Gutknecht - https://en.wikipedia.org/wiki/J%C3%BCrg_Gutknecht
Michael Guy - https://en.wikipedia.org/wiki/Michael_Guy
Robert Griesemer - https://en.wikipedia.org/wiki/Robert_Griesemer
Nico Habermann - https://en.wikipedia.org/wiki/Nico_Habermann
Philipp Matthäus Hahn - https://en.wikipedia.org/wiki/Philipp_Matth%C3%A4us_Hahn
Eldon C. Hall - https://en.wikipedia.org/wiki/Eldon_C._Hall
Wendy Hall - https://en.wikipedia.org/wiki/Wendy_Hall
Joseph Halpern - https://en.wikipedia.org/wiki/Joseph_Halpern
Margaret Hamilton (software engineer) - https://en.wikipedia.org/wiki/Margaret_Hamilton_(software_engineer)
Richard Hamming - https://en.wikipedia.org/wiki/Richard_Hamming
Jiawei Han - https://en.wikipedia.org/wiki/Jiawei_Han
Frank Harary - https://en.wikipedia.org/wiki/Frank_Harary
Brian Harris (translation researcher) - https://en.wikipedia.org/wiki/Brian_Harris_(translation_researcher)
Juris Hartmanis - https://en.wikipedia.org/wiki/Juris_Hartmanis
Johan Håstad - https://en.wikipedia.org/wiki/Johan_H%C3%A5stad
Les Hatton - https://en.wikipedia.org/wiki/Les_Hatton
Igor Hawryszkiewycz - https://en.wikipedia.org/wiki/Igor_Hawryszkiewycz
He Jifeng - https://en.wikipedia.org/wiki/He_Jifeng
Eric Hehner - https://en.wikipedia.org/wiki/Eric_Hehner
Martin Hellman - https://en.wikipedia.org/wiki/Martin_Hellman
Gernot Heiser - https://en.wikipedia.org/wiki/Gernot_Heiser
James Hendler - https://en.wikipedia.org/wiki/James_Hendler
John L. Hennessy - https://en.wikipedia.org/wiki/John_L._Hennessy
Andrew Herbert - https://en.wikipedia.org/wiki/Andrew_Herbert
Carl Hewitt - https://en.wikipedia.org/wiki/Carl_Hewitt
Kelsey Hightower - https://en.wikipedia.org/wiki/Kelsey_Hightower
Danny Hillis - https://en.wikipedia.org/wiki/Danny_Hillis
Geoffrey Hinton - https://en.wikipedia.org/wiki/Geoffrey_Hinton
Julia Hirschberg - https://en.wikipedia.org/wiki/Julia_Hirschberg
Tin Kam Ho - https://en.wikipedia.org/wiki/Tin_Kam_Ho
C. A. R. Hoare - https://en.wikipedia.org/wiki/C._A._R._Hoare
Louis Hodes - https://en.wikipedia.org/wiki/Louis_Hodes
Betty Holberton - https://en.wikipedia.org/wiki/Betty_Holberton
John Henry Holland - https://en.wikipedia.org/wiki/John_Henry_Holland
Herman Hollerith - https://en.wikipedia.org/wiki/Herman_Hollerith
Gerard Holzmann - https://en.wikipedia.org/wiki/Gerard_Holzmann
John Hopcroft - https://en.wikipedia.org/wiki/John_Hopcroft
Grace Hopper - https://en.wikipedia.org/wiki/Grace_Hopper
Eric Horvitz - https://en.wikipedia.org/wiki/Eric_Horvitz
Alston Householder - https://en.wikipedia.org/wiki/Alston_Householder
Paul Hudak - https://en.wikipedia.org/wiki/Paul_Hudak
David A. Huffman - https://en.wikipedia.org/wiki/David_A._Huffman
John Hughes (computer scientist) - https://en.wikipedia.org/wiki/John_Hughes_(computer_scientist)
Roger Hui - https://en.wikipedia.org/wiki/Roger_Hui
Watts Humphrey - https://en.wikipedia.org/wiki/Watts_Humphrey
Sandra Hutchins - https://en.wikipedia.org/wiki/Sandra_Hutchins
Jean Ichbiah - https://en.wikipedia.org/wiki/Jean_Ichbiah
Roberto Ierusalimschy - https://en.wikipedia.org/wiki/Roberto_Ierusalimschy
Dan Ingalls - https://en.wikipedia.org/wiki/Dan_Ingalls
Mary Jane Irwin - https://en.wikipedia.org/wiki/Mary_Jane_Irwin
Kenneth E. Iverson - https://en.wikipedia.org/wiki/Kenneth_E._Iverson
Ivar Jacobson - https://en.wikipedia.org/wiki/Ivar_Jacobson
Anil K. Jain (computer scientist, born 1948) - https://en.wikipedia.org/wiki/Anil_K._Jain_(computer_scientist,_born_1948)
Ramesh Jain - https://en.wikipedia.org/wiki/Ramesh_Jain
Jonathan James - https://en.wikipedia.org/wiki/Jonathan_James
David S. Johnson - https://en.wikipedia.org/wiki/David_S._Johnson
Stephen C. Johnson - https://en.wikipedia.org/wiki/Stephen_C._Johnson
Cliff Jones (computer scientist) - https://en.wikipedia.org/wiki/Cliff_Jones_(computer_scientist)
Michael I. Jordan - https://en.wikipedia.org/wiki/Michael_I._Jordan
Mathai Joseph - https://en.wikipedia.org/wiki/Mathai_Joseph
Aravind K. Joshi - https://en.wikipedia.org/wiki/Aravind_K._Joshi
Bill Joy - https://en.wikipedia.org/wiki/Bill_Joy
Dan Jurafsky - https://en.wikipedia.org/wiki/Dan_Jurafsky
William Kahan - https://en.wikipedia.org/wiki/William_Kahan
Robert E. Kahn - https://en.wikipedia.org/wiki/Robert_E._Kahn
Avinash Kak - https://en.wikipedia.org/wiki/Avinash_Kak
Poul-Henning Kamp - https://en.wikipedia.org/wiki/Poul-Henning_Kamp
David Karger - https://en.wikipedia.org/wiki/David_Karger
Richard Karp - https://en.wikipedia.org/wiki/Richard_Karp
Narendra Karmarkar - https://en.wikipedia.org/wiki/Narendra_Karmarkar
Marek Karpinski - https://en.wikipedia.org/wiki/Marek_Karpinski
Ted Kaehler - https://en.wikipedia.org/wiki/Ted_Kaehler
Alan Kay - https://en.wikipedia.org/wiki/Alan_Kay
Neeraj Kayal - https://en.wikipedia.org/wiki/Neeraj_Kayal
Manolis Kellis - https://en.wikipedia.org/wiki/Manolis_Kellis
John George Kemeny - https://en.wikipedia.org/wiki/John_George_Kemeny
Ken Kennedy (computer scientist) - https://en.wikipedia.org/wiki/Ken_Kennedy_(computer_scientist)
Brian Kernighan - https://en.wikipedia.org/wiki/Brian_Kernighan
Carl Kesselman - https://en.wikipedia.org/wiki/Carl_Kesselman
Gregor Kiczales - https://en.wikipedia.org/wiki/Gregor_Kiczales
Peter T. Kirstein - https://en.wikipedia.org/wiki/Peter_T._Kirstein
Stephen Cole Kleene - https://en.wikipedia.org/wiki/Stephen_Cole_Kleene
Dan Klein - https://en.wikipedia.org/wiki/Dan_Klein
Leonard Kleinrock - https://en.wikipedia.org/wiki/Leonard_Kleinrock
Donald Knuth - https://en.wikipedia.org/wiki/Donald_Knuth
Andrew Koenig (programmer) - https://en.wikipedia.org/wiki/Andrew_Koenig_(programmer)
Daphne Koller - https://en.wikipedia.org/wiki/Daphne_Koller
Michael Kölling - https://en.wikipedia.org/wiki/Michael_K%C3%B6lling
Andrey Nikolaevich Kolmogorov - https://en.wikipedia.org/wiki/Andrey_Nikolaevich_Kolmogorov
Janet L. Kolodner - https://en.wikipedia.org/wiki/Janet_L._Kolodner
David Korn (computer scientist) - https://en.wikipedia.org/wiki/David_Korn_(computer_scientist)
Cornelis H. A. Koster - https://en.wikipedia.org/wiki/Cornelis_H._A._Koster
Robert Kowalski - https://en.wikipedia.org/wiki/Robert_Kowalski
John Koza - https://en.wikipedia.org/wiki/John_Koza
John Krogstie - https://en.wikipedia.org/wiki/John_Krogstie
Joseph Kruskal - https://en.wikipedia.org/wiki/Joseph_Kruskal
Maarja Kruusmaa - https://en.wikipedia.org/wiki/Maarja_Kruusmaa
Thomas E. Kurtz - https://en.wikipedia.org/wiki/Thomas_E._Kurtz
Richard E. Ladner - https://en.wikipedia.org/wiki/Richard_E._Ladner
Monica S. Lam - https://en.wikipedia.org/wiki/Monica_S._Lam
Leslie Lamport - https://en.wikipedia.org/wiki/Leslie_Lamport
Butler Lampson - https://en.wikipedia.org/wiki/Butler_Lampson
Peter Landin - https://en.wikipedia.org/wiki/Peter_Landin
Tom Lane (computer scientist) - https://en.wikipedia.org/wiki/Tom_Lane_(computer_scientist)
Börje Langefors - https://en.wikipedia.org/wiki/B%C3%B6rje_Langefors
Chris Lattner - https://en.wikipedia.org/wiki/Chris_Lattner
Steve Lawrence (computer scientist) - https://en.wikipedia.org/wiki/Steve_Lawrence_(computer_scientist)
Edward D. Lazowska - https://en.wikipedia.org/wiki/Edward_D._Lazowska
Joshua Lederberg - https://en.wikipedia.org/wiki/Joshua_Lederberg
Manny M Lehman - https://en.wikipedia.org/wiki/Manny_M_Lehman
Charles E. Leiserson - https://en.wikipedia.org/wiki/Charles_E._Leiserson
Douglas Lenat - https://en.wikipedia.org/wiki/Douglas_Lenat
Yann LeCun - https://en.wikipedia.org/wiki/Yann_LeCun
Rasmus Lerdorf - https://en.wikipedia.org/wiki/Rasmus_Lerdorf
Max Levchin - https://en.wikipedia.org/wiki/Max_Levchin
Leonid Levin - https://en.wikipedia.org/wiki/Leonid_Levin
Kevin Leyton-Brown - https://en.wikipedia.org/wiki/Kevin_Leyton-Brown
J.C.R. Licklider - https://en.wikipedia.org/wiki/J.C.R._Licklider
David Liddle - https://en.wikipedia.org/wiki/David_Liddle
Jochen Liedtke - https://en.wikipedia.org/wiki/Jochen_Liedtke
John Lions - https://en.wikipedia.org/wiki/John_Lions
Charles H. Lindsey - https://en.wikipedia.org/wiki/Charles_H._Lindsey
Richard J. Lipton - https://en.wikipedia.org/wiki/Richard_J._Lipton
Barbara Liskov - https://en.wikipedia.org/wiki/Barbara_Liskov
Yanhong Annie Liu - https://en.wikipedia.org/wiki/Yanhong_Annie_Liu
Darrell Long - https://en.wikipedia.org/wiki/Darrell_Long
Patricia D. Lopez - https://en.wikipedia.org/wiki/Patricia_D._Lopez
Gillian Lovegrove - https://en.wikipedia.org/wiki/Gillian_Lovegrove
Ada Lovelace - https://en.wikipedia.org/wiki/Ada_Lovelace
David Luckham - https://en.wikipedia.org/wiki/David_Luckham
Eugene Luks - https://en.wikipedia.org/wiki/Eugene_Luks
Nancy Lynch - https://en.wikipedia.org/wiki/Nancy_Lynch
Nadia Magnenat Thalmann - https://en.wikipedia.org/wiki/Nadia_Magnenat_Thalmann
Tom Maibaum - https://en.wikipedia.org/wiki/Tom_Maibaum
Simon Marlow - https://en.wikipedia.org/wiki/Simon_Marlow
Zohar Manna - https://en.wikipedia.org/wiki/Zohar_Manna
James Martin (author) - https://en.wikipedia.org/wiki/James_Martin_(author)
Robert C. Martin - https://en.wikipedia.org/wiki/Robert_C._Martin
John Mashey - https://en.wikipedia.org/wiki/John_Mashey
Yuri Matiyasevich - https://en.wikipedia.org/wiki/Yuri_Matiyasevich
Yukihiro Matsumoto - https://en.wikipedia.org/wiki/Yukihiro_Matsumoto
John Mauchly - https://en.wikipedia.org/wiki/John_Mauchly
Ujjwal Maulik - https://en.wikipedia.org/wiki/Ujjwal_Maulik
Derek McAuley - https://en.wikipedia.org/wiki/Derek_McAuley
John McCarthy (computer scientist) - https://en.wikipedia.org/wiki/John_McCarthy_(computer_scientist)
Andrew McCallum - https://en.wikipedia.org/wiki/Andrew_McCallum
Douglas McIlroy - https://en.wikipedia.org/wiki/Douglas_McIlroy
Chris McKinstry - https://en.wikipedia.org/wiki/Chris_McKinstry
Marshall Kirk McKusick - https://en.wikipedia.org/wiki/Marshall_Kirk_McKusick
Lambert Meertens - https://en.wikipedia.org/wiki/Lambert_Meertens
Kurt Mehlhorn - https://en.wikipedia.org/wiki/Kurt_Mehlhorn
Dora Metcalf - https://en.wikipedia.org/wiki/Dora_Metcalf
Bertrand Meyer - https://en.wikipedia.org/wiki/Bertrand_Meyer
Silvio Micali - https://en.wikipedia.org/wiki/Silvio_Micali
Robin Milner - https://en.wikipedia.org/wiki/Robin_Milner
Jack Minker - https://en.wikipedia.org/wiki/Jack_Minker
Marvin Minsky - https://en.wikipedia.org/wiki/Marvin_Minsky
James G. Mitchell - https://en.wikipedia.org/wiki/James_G._Mitchell
Tom M. Mitchell - https://en.wikipedia.org/wiki/Tom_M._Mitchell
Arvind (computer scientist) - https://en.wikipedia.org/wiki/Arvind_(computer_scientist)
Paul Mockapetris - https://en.wikipedia.org/wiki/Paul_Mockapetris
Cleve Moler - https://en.wikipedia.org/wiki/Cleve_Moler
Faron Moller - https://en.wikipedia.org/wiki/Faron_Moller
John P. Moon - https://en.wikipedia.org/wiki/John_P._Moon
Charles H. Moore - https://en.wikipedia.org/wiki/Charles_H._Moore
Edward F. Moore - https://en.wikipedia.org/wiki/Edward_F._Moore
Gordon Moore - https://en.wikipedia.org/wiki/Gordon_Moore
J Strother Moore - https://en.wikipedia.org/wiki/J_Strother_Moore
Roger Moore (computer scientist) - https://en.wikipedia.org/wiki/Roger_Moore_(computer_scientist)
Hans Moravec - https://en.wikipedia.org/wiki/Hans_Moravec
Carroll Morgan (computer scientist) - https://en.wikipedia.org/wiki/Carroll_Morgan_(computer_scientist)
Robert Tappan Morris - https://en.wikipedia.org/wiki/Robert_Tappan_Morris
Joel Moses - https://en.wikipedia.org/wiki/Joel_Moses
Rajeev Motwani - https://en.wikipedia.org/wiki/Rajeev_Motwani
Oleg A. Mukhanov - https://en.wikipedia.org/wiki/Oleg_A._Mukhanov
Stephen Muggleton - https://en.wikipedia.org/wiki/Stephen_Muggleton
Klaus-Robert Müller - https://en.wikipedia.org/wiki/Klaus-Robert_M%C3%BCller
Alan Mycroft - https://en.wikipedia.org/wiki/Alan_Mycroft
Brad A. Myers - https://en.wikipedia.org/wiki/Brad_A._Myers
Mihai Nadin - https://en.wikipedia.org/wiki/Mihai_Nadin
Makoto Nagao - https://en.wikipedia.org/wiki/Makoto_Nagao
Frieder Nake - https://en.wikipedia.org/wiki/Frieder_Nake
Bonnie Nardi - https://en.wikipedia.org/wiki/Bonnie_Nardi
Peter Naur - https://en.wikipedia.org/wiki/Peter_Naur
Roger Needham - https://en.wikipedia.org/wiki/Roger_Needham
James G. Nell - https://en.wikipedia.org/wiki/James_G._Nell
Greg Nelson (computer scientist) - https://en.wikipedia.org/wiki/Greg_Nelson_(computer_scientist)
Bernard de Neumann - https://en.wikipedia.org/wiki/Bernard_de_Neumann
Klara Dan von Neumann - https://en.wikipedia.org/wiki/Klara_Dan_von_Neumann
John von Neumann - https://en.wikipedia.org/wiki/John_von_Neumann
Allen Newell - https://en.wikipedia.org/wiki/Allen_Newell
Max Newman - https://en.wikipedia.org/wiki/Max_Newman
Andrew Ng - https://en.wikipedia.org/wiki/Andrew_Ng
Nils John Nilsson - https://en.wikipedia.org/wiki/Nils_John_Nilsson
G.M. Nijssen - https://en.wikipedia.org/wiki/G.M._Nijssen
Tobias Nipkow - https://en.wikipedia.org/wiki/Tobias_Nipkow
Maurice Nivat - https://en.wikipedia.org/wiki/Maurice_Nivat
Phiwa Nkambule - https://en.wikipedia.org/wiki/Phiwa_Nkambule
Jerre Noe - https://en.wikipedia.org/wiki/Jerre_Noe
Peter Nordin - https://en.wikipedia.org/wiki/Peter_Nordin
Donald Norman - https://en.wikipedia.org/wiki/Donald_Norman
Peter Norvig - https://en.wikipedia.org/wiki/Peter_Norvig
George Novacky - https://en.wikipedia.org/wiki/George_Novacky
Kristen Nygaard - https://en.wikipedia.org/wiki/Kristen_Nygaard
Martin Odersky - https://en.wikipedia.org/wiki/Martin_Odersky
Peter O'Hearn - https://en.wikipedia.org/wiki/Peter_O%27Hearn
T. William Olle - https://en.wikipedia.org/wiki/T._William_Olle
Steve Omohundro - https://en.wikipedia.org/wiki/Steve_Omohundro
Severo Ornstein - https://en.wikipedia.org/wiki/Severo_Ornstein
John O'Sullivan (engineer) - https://en.wikipedia.org/wiki/John_O%27Sullivan_(engineer)
John Ousterhout - https://en.wikipedia.org/wiki/John_Ousterhout
Mark Overmars - https://en.wikipedia.org/wiki/Mark_Overmars
Susan Owicki - https://en.wikipedia.org/wiki/Susan_Owicki
Larry Page - https://en.wikipedia.org/wiki/Larry_Page
Sankar Pal - https://en.wikipedia.org/wiki/Sankar_Pal
Paritosh Pandya - https://en.wikipedia.org/wiki/Paritosh_Pandya
Christos Papadimitriou - https://en.wikipedia.org/wiki/Christos_Papadimitriou
David Park (computer scientist) - https://en.wikipedia.org/wiki/David_Park_(computer_scientist)
David Parnas - https://en.wikipedia.org/wiki/David_Parnas
DJ Patil - https://en.wikipedia.org/wiki/DJ_Patil
Yale Patt - https://en.wikipedia.org/wiki/Yale_Patt
David Patterson (computer scientist) - https://en.wikipedia.org/wiki/David_Patterson_(computer_scientist)
Mike Paterson - https://en.wikipedia.org/wiki/Mike_Paterson
Mihai Pătrașcu (computer scientist) - https://en.wikipedia.org/wiki/Mihai_P%C4%83tra%C8%99cu_(computer_scientist)
Lawrence Paulson - https://en.wikipedia.org/wiki/Lawrence_Paulson
Randy Pausch - https://en.wikipedia.org/wiki/Randy_Pausch
Juan Pavón - https://en.wikipedia.org/wiki/Juan_Pav%C3%B3n
Judea Pearl - https://en.wikipedia.org/wiki/Judea_Pearl
Alan Perlis - https://en.wikipedia.org/wiki/Alan_Perlis
Radia Perlman - https://en.wikipedia.org/wiki/Radia_Perlman
Pier Giorgio Perotto - https://en.wikipedia.org/wiki/Pier_Giorgio_Perotto
Rózsa Péter - https://en.wikipedia.org/wiki/R%C3%B3zsa_P%C3%A9ter
Simon Peyton Jones - https://en.wikipedia.org/wiki/Simon_Peyton_Jones
Kathy Pham - https://en.wikipedia.org/wiki/Kathy_Pham
Roberto Pieraccini - https://en.wikipedia.org/wiki/Roberto_Pieraccini
Keshav K Pingali - https://en.wikipedia.org/wiki/Keshav_K_Pingali
Gordon Plotkin - https://en.wikipedia.org/wiki/Gordon_Plotkin
Amir Pnueli - https://en.wikipedia.org/wiki/Amir_Pnueli
Willem van der Poel - https://en.wikipedia.org/wiki/Willem_van_der_Poel
Cicely Popplewell - https://en.wikipedia.org/wiki/Cicely_Popplewell
Emil Post - https://en.wikipedia.org/wiki/Emil_Post
Jon Postel - https://en.wikipedia.org/wiki/Jon_Postel
Franco Preparata - https://en.wikipedia.org/wiki/Franco_Preparata
William H. Press - https://en.wikipedia.org/wiki/William_H._Press
Rapelang Rabana - https://en.wikipedia.org/wiki/Rapelang_Rabana
Grzegorz Rozenberg - https://en.wikipedia.org/wiki/Grzegorz_Rozenberg
Michael O. Rabin - https://en.wikipedia.org/wiki/Michael_O._Rabin
Dragomir R. Radev - https://en.wikipedia.org/wiki/Dragomir_R._Radev
T. V. Raman - https://en.wikipedia.org/wiki/T._V._Raman
Brian Randell - https://en.wikipedia.org/wiki/Brian_Randell
Anders P. Ravn - https://en.wikipedia.org/wiki/Anders_P._Ravn
Raj Reddy - https://en.wikipedia.org/wiki/Raj_Reddy
David P. Reed - https://en.wikipedia.org/wiki/David_P._Reed
Trygve Reenskaug - https://en.wikipedia.org/wiki/Trygve_Reenskaug
John C. Reynolds - https://en.wikipedia.org/wiki/John_C._Reynolds
Joyce K. Reynolds - https://en.wikipedia.org/wiki/Joyce_K._Reynolds
Reinder van de Riet - https://en.wikipedia.org/wiki/Reinder_van_de_Riet
Bernard Richards - https://en.wikipedia.org/wiki/Bernard_Richards
Martin Richards (computer scientist) - https://en.wikipedia.org/wiki/Martin_Richards_(computer_scientist)
Adam Riese - https://en.wikipedia.org/wiki/Adam_Riese
C. J. van Rijsbergen - https://en.wikipedia.org/wiki/C._J._van_Rijsbergen
Dennis Ritchie - https://en.wikipedia.org/wiki/Dennis_Ritchie
Ron Rivest - https://en.wikipedia.org/wiki/Ron_Rivest
Ken Robinson (computer scientist) - https://en.wikipedia.org/wiki/Ken_Robinson_(computer_scientist)
Colette Rolland - https://en.wikipedia.org/wiki/Colette_Rolland
John Romero - https://en.wikipedia.org/wiki/John_Romero
Azriel Rosenfeld - https://en.wikipedia.org/wiki/Azriel_Rosenfeld
Douglas T. Ross - https://en.wikipedia.org/wiki/Douglas_T._Ross
Guido van Rossum - https://en.wikipedia.org/wiki/Guido_van_Rossum
M. A. Rothman - https://en.wikipedia.org/wiki/M._A._Rothman
Winston W. Royce - https://en.wikipedia.org/wiki/Winston_W._Royce
Rudy Rucker - https://en.wikipedia.org/wiki/Rudy_Rucker
Steven Rudich - https://en.wikipedia.org/wiki/Steven_Rudich
Jeff Rulifson - https://en.wikipedia.org/wiki/Jeff_Rulifson
James Rumbaugh - https://en.wikipedia.org/wiki/James_Rumbaugh
Peter Ružička - https://en.wikipedia.org/wiki/Peter_Ru%C5%BEi%C4%8Dka
George Sadowsky - https://en.wikipedia.org/wiki/George_Sadowsky
Mehrnoosh Sadrzadeh - https://en.wikipedia.org/wiki/Mehrnoosh_Sadrzadeh
Umar Saif - https://en.wikipedia.org/wiki/Umar_Saif
Gerard Salton - https://en.wikipedia.org/wiki/Gerard_Salton
Jean E. Sammet - https://en.wikipedia.org/wiki/Jean_E._Sammet
Claude Sammut - https://en.wikipedia.org/wiki/Claude_Sammut
Carl Sassenrath - https://en.wikipedia.org/wiki/Carl_Sassenrath
Mahadev Satyanarayanan - https://en.wikipedia.org/wiki/Mahadev_Satyanarayanan
Walter Savitch - https://en.wikipedia.org/wiki/Walter_Savitch
Jonathan Schaeffer - https://en.wikipedia.org/wiki/Jonathan_Schaeffer
Wilhelm Schickard - https://en.wikipedia.org/wiki/Wilhelm_Schickard
Jürgen Schmidhuber - https://en.wikipedia.org/wiki/J%C3%BCrgen_Schmidhuber
Steve Schneider (computer scientist) - https://en.wikipedia.org/wiki/Steve_Schneider_(computer_scientist)
Bruce Schneier - https://en.wikipedia.org/wiki/Bruce_Schneier
Fred B. Schneider - https://en.wikipedia.org/wiki/Fred_B._Schneider
Sarita Schoenebeck - https://en.wikipedia.org/wiki/Sarita_Schoenebeck
Glenda Schroeder - https://en.wikipedia.org/wiki/Glenda_Schroeder
Bernhard Schölkopf - https://en.wikipedia.org/wiki/Bernhard_Sch%C3%B6lkopf
Dana Scott - https://en.wikipedia.org/wiki/Dana_Scott
Michael L. Scott - https://en.wikipedia.org/wiki/Michael_L._Scott
Robert Sedgewick (computer scientist) - https://en.wikipedia.org/wiki/Robert_Sedgewick_(computer_scientist)
Ravi Sethi - https://en.wikipedia.org/wiki/Ravi_Sethi
Nigel Shadbolt - https://en.wikipedia.org/wiki/Nigel_Shadbolt
Adi Shamir - https://en.wikipedia.org/wiki/Adi_Shamir
Claude Shannon - https://en.wikipedia.org/wiki/Claude_Shannon
David E. Shaw - https://en.wikipedia.org/wiki/David_E._Shaw
Cliff Shaw - https://en.wikipedia.org/wiki/Cliff_Shaw
Scott Shenker - https://en.wikipedia.org/wiki/Scott_Shenker
Shashi Shekhar (scientist) - https://en.wikipedia.org/wiki/Shashi_Shekhar_(scientist)
Ben Shneiderman - https://en.wikipedia.org/wiki/Ben_Shneiderman
Edward H. Shortliffe - https://en.wikipedia.org/wiki/Edward_H._Shortliffe
Daniel Siewiorek - https://en.wikipedia.org/wiki/Daniel_Siewiorek
Joseph Sifakis - https://en.wikipedia.org/wiki/Joseph_Sifakis
Herbert A. Simon - https://en.wikipedia.org/wiki/Herbert_A._Simon
Munindar P. Singh - https://en.wikipedia.org/wiki/Munindar_P._Singh
Ramesh Sitaraman - https://en.wikipedia.org/wiki/Ramesh_Sitaraman
Daniel Sleator - https://en.wikipedia.org/wiki/Daniel_Sleator
Aaron Sloman - https://en.wikipedia.org/wiki/Aaron_Sloman
Arne Sølvberg - https://en.wikipedia.org/wiki/Arne_S%C3%B8lvberg
Brian Cantwell Smith - https://en.wikipedia.org/wiki/Brian_Cantwell_Smith
David Canfield Smith - https://en.wikipedia.org/wiki/David_Canfield_Smith
Steven Spewak - https://en.wikipedia.org/wiki/Steven_Spewak
Carol Spradling - https://en.wikipedia.org/wiki/Carol_Spradling
Robert Sproull - https://en.wikipedia.org/wiki/Robert_Sproull
Rohini Kesavan Srihari - https://en.wikipedia.org/wiki/Rohini_Kesavan_Srihari
Sargur Srihari - https://en.wikipedia.org/wiki/Sargur_Srihari
Maciej Stachowiak - https://en.wikipedia.org/wiki/Maciej_Stachowiak
Richard Stallman - https://en.wikipedia.org/wiki/Richard_Stallman
Ronald Stamper - https://en.wikipedia.org/wiki/Ronald_Stamper
Thad Starner - https://en.wikipedia.org/wiki/Thad_Starner
Richard E. Stearns - https://en.wikipedia.org/wiki/Richard_E._Stearns
Guy L. Steele, Jr. - https://en.wikipedia.org/wiki/Guy_L._Steele,_Jr.
Thomas Sterling (computing) - https://en.wikipedia.org/wiki/Thomas_Sterling_(computing)
Alexander Stepanov - https://en.wikipedia.org/wiki/Alexander_Stepanov
W. Richard Stevens - https://en.wikipedia.org/wiki/W._Richard_Stevens
Larry Stockmeyer - https://en.wikipedia.org/wiki/Larry_Stockmeyer
Salvatore Stolfo - https://en.wikipedia.org/wiki/Salvatore_Stolfo
Michael Stonebraker - https://en.wikipedia.org/wiki/Michael_Stonebraker
Olaf Storaasli (computing) - https://en.wikipedia.org/wiki/Olaf_Storaasli_(computing)
Christopher Strachey - https://en.wikipedia.org/wiki/Christopher_Strachey
Volker Strassen - https://en.wikipedia.org/wiki/Volker_Strassen
Bjarne Stroustrup - https://en.wikipedia.org/wiki/Bjarne_Stroustrup
Madhu Sudan - https://en.wikipedia.org/wiki/Madhu_Sudan
Gerald Jay Sussman - https://en.wikipedia.org/wiki/Gerald_Jay_Sussman
Bert Sutherland - https://en.wikipedia.org/wiki/Bert_Sutherland
Ivan Sutherland - https://en.wikipedia.org/wiki/Ivan_Sutherland
Latanya Sweeney - https://en.wikipedia.org/wiki/Latanya_Sweeney
Mario Szegedy - https://en.wikipedia.org/wiki/Mario_Szegedy
Parisa Tabriz - https://en.wikipedia.org/wiki/Parisa_Tabriz
Roberto Tamassia - https://en.wikipedia.org/wiki/Roberto_Tamassia
Andrew S. Tanenbaum - https://en.wikipedia.org/wiki/Andrew_S._Tanenbaum
Austin Tate - https://en.wikipedia.org/wiki/Austin_Tate
Bernhard Thalheim - https://en.wikipedia.org/wiki/Bernhard_Thalheim
Éva Tardos - https://en.wikipedia.org/wiki/%C3%89va_Tardos
Gábor Tardos - https://en.wikipedia.org/wiki/G%C3%A1bor_Tardos
Robert Tarjan - https://en.wikipedia.org/wiki/Robert_Tarjan
Valerie Taylor (computer scientist) - https://en.wikipedia.org/wiki/Valerie_Taylor_(computer_scientist)
Mario Tchou - https://en.wikipedia.org/wiki/Mario_Tchou
Jaime Teevan - https://en.wikipedia.org/wiki/Jaime_Teevan
Shang-Hua Teng - https://en.wikipedia.org/wiki/Shang-Hua_Teng
Larry Tesler - https://en.wikipedia.org/wiki/Larry_Tesler
Avie Tevanian - https://en.wikipedia.org/wiki/Avie_Tevanian
Charles P. Thacker - https://en.wikipedia.org/wiki/Charles_P._Thacker
Daniel Thalmann - https://en.wikipedia.org/wiki/Daniel_Thalmann
Ken Thompson (computer programmer) - https://en.wikipedia.org/wiki/Ken_Thompson_(computer_programmer)
Sebastian Thrun - https://en.wikipedia.org/wiki/Sebastian_Thrun
Walter F. Tichy - https://en.wikipedia.org/wiki/Walter_F._Tichy
Seinosuke Toda - https://en.wikipedia.org/wiki/Seinosuke_Toda
Linus Torvalds - https://en.wikipedia.org/wiki/Linus_Torvalds
Leonardo Torres Quevedo - https://en.wikipedia.org/wiki/Leonardo_Torres_Quevedo
Godfried Toussaint - https://en.wikipedia.org/wiki/Godfried_Toussaint
Gloria Townsend - https://en.wikipedia.org/wiki/Gloria_Townsend
Edwin E. Tozer - https://en.wikipedia.org/wiki/Edwin_E._Tozer
Joseph F Traub - https://en.wikipedia.org/wiki/Joseph_F_Traub
John V. Tucker - https://en.wikipedia.org/wiki/John_V._Tucker
John Tukey - https://en.wikipedia.org/wiki/John_Tukey
Alan Turing - https://en.wikipedia.org/wiki/Alan_Turing
David Turner (computer scientist) - https://en.wikipedia.org/wiki/David_Turner_(computer_scientist)
Murray Turoff - https://en.wikipedia.org/wiki/Murray_Turoff
Jeffrey D. Ullman - https://en.wikipedia.org/wiki/Jeffrey_D._Ullman
Leslie Valiant - https://en.wikipedia.org/wiki/Leslie_Valiant
Vladimir Vapnik - https://en.wikipedia.org/wiki/Vladimir_Vapnik
Moshe Vardi - https://en.wikipedia.org/wiki/Moshe_Vardi
Dorothy Vaughan - https://en.wikipedia.org/wiki/Dorothy_Vaughan
Bernard Vauquois - https://en.wikipedia.org/wiki/Bernard_Vauquois
Umesh Vazirani - https://en.wikipedia.org/wiki/Umesh_Vazirani
Manuela M. Veloso - https://en.wikipedia.org/wiki/Manuela_M._Veloso
François Vernadat - https://en.wikipedia.org/wiki/Fran%C3%A7ois_Vernadat
Richard Veryard - https://en.wikipedia.org/wiki/Richard_Veryard
Sergiy Vilkomir - https://en.wikipedia.org/wiki/Sergiy_Vilkomir
Paul Vitanyi - https://en.wikipedia.org/wiki/Paul_Vitanyi
Andrew Viterbi - https://en.wikipedia.org/wiki/Andrew_Viterbi
Jeffrey Scott Vitter - https://en.wikipedia.org/wiki/Jeffrey_Scott_Vitter
Paul Vixie - https://en.wikipedia.org/wiki/Paul_Vixie
Eiiti Wada - https://en.wikipedia.org/wiki/Eiiti_Wada
David A. Wagner - https://en.wikipedia.org/wiki/David_A._Wagner
David Waltz - https://en.wikipedia.org/wiki/David_Waltz
James Z. Wang - https://en.wikipedia.org/wiki/James_Z._Wang
Steve Ward (computer scientist) - https://en.wikipedia.org/wiki/Steve_Ward_(computer_scientist)
Manfred K. Warmuth - https://en.wikipedia.org/wiki/Manfred_K._Warmuth
David H. D. Warren - https://en.wikipedia.org/wiki/David_H._D._Warren
Kevin Warwick - https://en.wikipedia.org/wiki/Kevin_Warwick
Jan Weglarz - https://en.wikipedia.org/wiki/Jan_Weglarz
Philip Wadler - https://en.wikipedia.org/wiki/Philip_Wadler
Peter Wegner - https://en.wikipedia.org/wiki/Peter_Wegner
Joseph Henry Wegstein - https://en.wikipedia.org/wiki/Joseph_Henry_Wegstein
Peter J. Weinberger - https://en.wikipedia.org/wiki/Peter_J._Weinberger
Mark Weiser - https://en.wikipedia.org/wiki/Mark_Weiser
Joseph Weizenbaum - https://en.wikipedia.org/wiki/Joseph_Weizenbaum
David Wheeler (computer scientist) - https://en.wikipedia.org/wiki/David_Wheeler_(computer_scientist)
Franklin H. Westervelt - https://en.wikipedia.org/wiki/Franklin_H._Westervelt
Steve Whittaker - https://en.wikipedia.org/wiki/Steve_Whittaker
Jennifer Widom - https://en.wikipedia.org/wiki/Jennifer_Widom
Gio Wiederhold - https://en.wikipedia.org/wiki/Gio_Wiederhold
Norbert Wiener - https://en.wikipedia.org/wiki/Norbert_Wiener
Adriaan van Wijngaarden - https://en.wikipedia.org/wiki/Adriaan_van_Wijngaarden
Mary Allen Wilkes - https://en.wikipedia.org/wiki/Mary_Allen_Wilkes
Maurice Vincent Wilkes - https://en.wikipedia.org/wiki/Maurice_Vincent_Wilkes
Yorick Wilks - https://en.wikipedia.org/wiki/Yorick_Wilks
James H. Wilkinson - https://en.wikipedia.org/wiki/James_H._Wilkinson
Sophie Wilson - https://en.wikipedia.org/wiki/Sophie_Wilson
Shmuel Winograd - https://en.wikipedia.org/wiki/Shmuel_Winograd
Terry Winograd - https://en.wikipedia.org/wiki/Terry_Winograd
Patrick Winston - https://en.wikipedia.org/wiki/Patrick_Winston
Niklaus Wirth - https://en.wikipedia.org/wiki/Niklaus_Wirth
Neil Wiseman - https://en.wikipedia.org/wiki/Neil_Wiseman
Dennis E. Wisnosky - https://en.wikipedia.org/wiki/Dennis_E._Wisnosky
Stephen Wolfram - https://en.wikipedia.org/wiki/Stephen_Wolfram
Mike Woodger - https://en.wikipedia.org/wiki/Mike_Woodger
Philip Woodward - https://en.wikipedia.org/wiki/Philip_Woodward
Beatrice Helen Worsley - https://en.wikipedia.org/wiki/Beatrice_Helen_Worsley
Steve Wozniak - https://en.wikipedia.org/wiki/Steve_Wozniak
Jie Wu - https://en.wikipedia.org/wiki/Jie_Wu
William Wulf - https://en.wikipedia.org/wiki/William_Wulf
Mihalis Yannakakis - https://en.wikipedia.org/wiki/Mihalis_Yannakakis
Andrew Chi-Chih Yao - https://en.wikipedia.org/wiki/Andrew_Chi-Chih_Yao
John Yen - https://en.wikipedia.org/wiki/John_Yen
Nobuo Yoneda - https://en.wikipedia.org/wiki/Nobuo_Yoneda
Edward Yourdon - https://en.wikipedia.org/wiki/Edward_Yourdon
Moti Yung - https://en.wikipedia.org/wiki/Moti_Yung
Lotfi Zadeh - https://en.wikipedia.org/wiki/Lotfi_Zadeh
Hans Zantema - https://en.wikipedia.org/wiki/Hans_Zantema
Arif Zaman - https://en.wikipedia.org/wiki/Arif_Zaman
Stanley Zdonik - https://en.wikipedia.org/wiki/Stanley_Zdonik
Hussein Zedan - https://en.wikipedia.org/wiki/Hussein_Zedan
Shlomo Zilberstein - https://en.wikipedia.org/wiki/Shlomo_Zilberstein
Jill Zimmerman - https://en.wikipedia.org/wiki/Jill_Zimmerman
Konrad Zuse - https://en.wikipedia.org/wiki/Konrad_Zuse
